Id_stakeholder,No_Registrasi_CSIRT,ID_Penilaian,Waktu Penilaian,Nama_Stakeholder,Nilai_Fase1,Nilai_Fase2,Nilai_Fase3,Nilai Akhir
001,083/CSIRT.01.10/BSSN/07/2022,00001,1/1/2024,Lembaga AAAA,0.58,1.35,0.73,0.8866666667
002,123/CSIRT.01.10/BSSN/11/2022,00002,1/2/2024,Lembaga BBBB,0.68,1.38,0.75,0.9366666667
003,156/CSIRT.01.05/BSSN/04/2023,00003,1/3/2024,Lembaga CCCC,0.78,1.41,0.77,0.9866666667
004,236/CSIRT.0105/BSSN/08/2023,00004,1/4/2024,Lembaga DDDD,0.88,1.44,0.79,1.036666667
005,146/CSIRT.01.05/BSSN/02/2023,00005,1/5/2024,Lembaga EEEE,0.98,1.47,0.81,1.086666667
006,130/CSIRT.01.05/BSSN/12/2022,00006,1/6/2024,Lembaga FFFF,1.08,1.5,0.83,1.136666667
007,168/CSIRT.01.05/BSSN/05/2023,00007,1/7/2024,Lembaga GGGG,1.18,1.53,0.85,1.186666667
008,227/CSIRT.01.05/BSSN/08/2023,00008,1/8/2024,Lembaga HHHH,1.28,1.56,0.87,1.236666667